id,first_name,last_name,email,gender,ip_address
1,Roi,Bulmer,rbulmer0@globo.com,Male,214.99.229.211
2,Benny,Hooban,bhooban1@reuters.com,Male,180.168.132.100
3,Herbie,Symper,hsymper2@intel.com,Male,108.224.11.126
4,Oliy,Snowden,osnowden3@usa.gov,Female,146.240.87.70
5,Teriann,McKinley,tmckinley4@shareasale.com,Female,205.148.153.45
6,Rickie,Sancho,rsancho5@google.it,Female,241.133.38.104
7,Vasily,Astie,vastie6@hud.gov,Male,160.193.178.52
8,Babette,Bernadot,bbernadot7@pcworld.com,Female,214.90.214.244
9,Wilek,Court,wcourt8@taobao.com,Male,25.236.45.2
10,Lezlie,Boddam,lboddam9@va.gov,Female,183.10.246.70
11,Roxi,Beckley,rbeckleya@rambler.ru,Female,165.38.198.195
12,Nancy,Giacomelli,ngiacomellib@myspace.com,Female,221.183.113.206
13,Suzy,Cumberland,scumberlandc@mapquest.com,Female,79.142.48.139
14,Katti,Gerty,kgertyd@altervista.org,Agender,116.174.206.44
15,Maurita,Quirke,mquirkee@drupal.org,Female,105.223.77.167
16,Norbert,Houldey,nhouldeyf@com.com,Male,244.7.147.208
17,Friedrich,Collicott,fcollicottg@pinterest.com,Polygender,253.43.31.135
18,Chico,Giacobazzi,cgiacobazzih@nih.gov,Male,118.22.165.228
19,Tracie,Bard,tbardi@dailymail.co.uk,Female,168.172.226.61
20,Gerek,Keslake,gkeslakej@google.co.uk,Male,195.168.204.139
21,Harv,Bowgen,hbowgenk@house.gov,Male,95.105.111.37
22,Shalna,Drayson,sdraysonl@eepurl.com,Female,150.221.130.144
23,Heidie,Dungate,hdungatem@exblog.jp,Female,240.13.11.48
24,Kyla,Fotherby,kfotherbyn@skype.com,Genderfluid,21.30.74.157
25,Cristen,McKeating,cmckeatingo@1688.com,Female,104.17.25.0
26,Bogart,Wield,bwieldp@myspace.com,Male,166.136.179.147
27,Winne,Harkness,wharknessq@ameblo.jp,Female,123.54.102.183
28,Jody,Stanex,jstanexr@goo.gl,Male,45.232.107.172
29,Mord,Firsby,mfirsbys@sourceforge.net,Male,121.55.212.101
30,Alisa,Havock,ahavockt@storify.com,Female,185.3.39.193
31,Lisabeth,Kyrkeman,lkyrkemanu@sfgate.com,Female,35.9.249.198
32,Jane,Halahan,jhalahanv@baidu.com,Female,192.237.64.51
33,Kilian,Conkey,kconkeyw@bing.com,Male,254.159.222.252
34,Magdalena,Welham,mwelhamx@ask.com,Female,230.33.150.67
35,Nicolle,Maccari,nmaccariy@mayoclinic.com,Female,234.156.204.220
36,Lydie,Boom,lboomz@cnn.com,Female,200.108.114.98
37,Ava,Avrashin,aavrashin10@com.com,Female,249.124.85.211
38,Chariot,Sedwick,csedwick11@cmu.edu,Male,42.207.117.23
39,Bernie,Maydway,bmaydway12@comsenz.com,Female,28.88.37.98
40,Anneliese,Towers,atowers13@arizona.edu,Female,5.17.84.130
41,Gradeigh,Frayne,gfrayne14@jiathis.com,Male,126.64.73.174
42,Yancy,Collimore,ycollimore15@rakuten.co.jp,Male,63.49.199.94
43,Anita,Hawarden,ahawarden16@istockphoto.com,Genderqueer,214.189.11.110
44,Ronna,Ferrari,rferrari17@tuttocitta.it,Bigender,64.71.34.150
45,Darbee,Huscroft,dhuscroft18@csmonitor.com,Male,33.109.14.80
46,Clarice,von Nassau,cvonnassau19@ucoz.com,Female,135.92.76.128
47,Aubrie,Llorente,allorente1a@virginia.edu,Female,198.69.187.254
48,Cacilie,Noke,cnoke1b@pinterest.com,Female,70.167.191.192
49,Libbey,Koppen,lkoppen1c@list-manage.com,Female,38.62.146.1
50,Darbee,Baukham,dbaukham1d@google.pl,Male,168.222.199.9
51,Guss,Fillery,gfillery1e@rakuten.co.jp,Male,79.9.203.98
52,Vern,Davy,vdavy1f@sina.com.cn,Male,17.63.39.198
53,Sileas,Gormley,sgormley1g@ucsd.edu,Female,203.218.212.163
54,Kassey,Lindborg,klindborg1h@networkadvertising.org,Female,236.89.197.88
55,Reinald,Netti,rnetti1i@epa.gov,Male,91.175.86.8
56,Levin,Koop,lkoop1j@weebly.com,Male,42.216.143.108
57,Gwenore,Tanslie,gtanslie1k@illinois.edu,Female,194.247.170.185
58,Nial,Beggs,nbeggs1l@ox.ac.uk,Genderfluid,82.169.92.72
59,Lethia,Barnshaw,lbarnshaw1m@nymag.com,Genderqueer,48.248.242.48
60,Aleda,Reedshaw,areedshaw1n@mediafire.com,Female,37.73.140.73
61,Brennan,Edmondson,bedmondson1o@oakley.com,Male,54.54.76.77
62,Corabella,Emmanueli,cemmanueli1p@omniture.com,Female,54.18.21.92
63,Karrie,Glasgow,kglasgow1q@ning.com,Female,166.27.34.128
64,Stirling,Paddell,spaddell1r@4shared.com,Male,24.63.155.167
65,Junina,Leavy,jleavy1s@newyorker.com,Female,17.230.28.160
66,Carroll,Risbridge,crisbridge1t@amazon.co.jp,Male,40.244.245.33
67,Luelle,Aronovitz,laronovitz1u@clickbank.net,Female,110.175.157.33
68,Stanley,Carp,scarp1v@nba.com,Male,50.123.102.151
69,Bondon,Meadowcraft,bmeadowcraft1w@bloglovin.com,Male,165.139.207.255
70,Nichole,Methringham,nmethringham1x@1688.com,Male,154.221.185.5
71,Blondie,Bartkiewicz,bbartkiewicz1y@cisco.com,Female,221.48.211.117
72,Jabez,Dight,jdight1z@theguardian.com,Male,248.226.75.192
73,Jefferey,Oselton,joselton20@deviantart.com,Male,109.80.136.113
74,Hercules,Maren,hmaren21@msn.com,Polygender,208.32.115.228
75,Leshia,Jude,ljude22@salon.com,Female,216.161.93.6
76,Jaine,Hurburt,jhurburt23@ftc.gov,Female,38.210.241.130
77,Randolph,Vinker,rvinker24@chronoengine.com,Male,157.54.17.101
78,Bradley,Ruzek,bruzek25@umn.edu,Male,252.152.202.121
79,Karlyn,Barlace,kbarlace26@samsung.com,Female,147.161.70.236
80,Ulrikaumeko,Woods,uwoods27@smugmug.com,Female,123.9.83.241
81,Casandra,Sigward,csigward28@elegantthemes.com,Female,241.125.65.49
82,Timoteo,Becket,tbecket29@marriott.com,Male,133.106.20.41
83,Hugues,Blamphin,hblamphin2a@ihg.com,Male,250.84.90.156
84,Rhett,Slocombe,rslocombe2b@unblog.fr,Male,9.97.96.42
85,Berry,Murrison,bmurrison2c@dagondesign.com,Female,82.162.206.185
86,Alon,Heistermann,aheistermann2d@census.gov,Male,37.28.42.249
87,Neron,Tupling,ntupling2e@icq.com,Male,192.200.101.89
88,Bettine,Knewstub,bknewstub2f@wikia.com,Female,12.243.231.59
89,Padraic,Tyne,ptyne2g@wix.com,Male,90.68.78.72
90,Janina,Ruckledge,jruckledge2h@merriam-webster.com,Female,94.153.63.249
91,Merridie,Maccrea,mmaccrea2i@ehow.com,Female,10.233.203.131
92,Amanda,Didsbury,adidsbury2j@geocities.com,Female,77.193.159.194
93,Zeke,Caile,zcaile2k@uiuc.edu,Male,250.56.219.27
94,Lian,Tiebe,ltiebe2l@cnet.com,Female,248.179.16.191
95,Emelita,Nare,enare2m@indiatimes.com,Female,187.154.37.195
96,Demetris,Darrell,ddarrell2n@eepurl.com,Female,221.121.38.136
97,Farrel,Pearse,fpearse2o@google.it,Male,35.197.142.138
98,Quill,Jennrich,qjennrich2p@pen.io,Male,5.90.214.17
99,Ursala,Ruffli,uruffli2q@acquirethisname.com,Bigender,254.72.35.75
100,Mignonne,Landers,mlanders2r@cnn.com,Female,119.106.148.4
101,Hammad,Woolforde,hwoolforde2s@taobao.com,Male,132.4.103.242
102,Trudey,Kinlock,tkinlock2t@columbia.edu,Female,70.124.170.197
103,Luise,Satterfitt,lsatterfitt2u@joomla.org,Female,39.110.245.148
104,Obidiah,Chopping,ochopping2v@theguardian.com,Polygender,74.148.83.239
105,Burnaby,Liptrot,bliptrot2w@jigsy.com,Male,135.91.240.188
106,Onfroi,Bartos,obartos2x@ustream.tv,Male,218.169.157.216
107,Byram,Aitkin,baitkin2y@themeforest.net,Male,162.224.255.243
108,Sheree,Maymand,smaymand2z@godaddy.com,Female,138.232.69.123
109,Merline,Axtell,maxtell30@barnesandnoble.com,Female,11.196.110.96
110,Richie,McIlory,rmcilory31@meetup.com,Male,76.154.192.64
111,Morgen,Frascone,mfrascone32@weibo.com,Male,118.227.76.71
112,Norah,Drage,ndrage33@nationalgeographic.com,Female,49.33.180.0
113,Vladimir,Showers,vshowers34@senate.gov,Male,31.253.89.198
114,Nicolis,Middleton,nmiddleton35@sakura.ne.jp,Male,56.16.139.181
115,Kristal,McKean,kmckean36@whitehouse.gov,Female,72.48.126.163
116,Chen,Naptin,cnaptin37@amazon.de,Male,199.110.246.134
117,Caryl,Hirschmann,chirschmann38@cnbc.com,Female,16.89.56.246
118,Trisha,Greenough,tgreenough39@devhub.com,Female,112.200.14.133
119,Elisa,Kleisle,ekleisle3a@dyndns.org,Female,6.12.70.245
120,Ericka,Ives,eives3b@godaddy.com,Female,240.86.115.194
121,Barron,Cawtheray,bcawtheray3c@tumblr.com,Male,144.68.21.184
122,Fair,Sharpus,fsharpus3d@uol.com.br,Male,141.193.156.183
123,Kimberley,Antyukhin,kantyukhin3e@wp.com,Female,73.145.90.61
124,Willdon,Van Baaren,wvanbaaren3f@so-net.ne.jp,Male,206.154.201.169
125,Cheryl,Goady,cgoady3g@netvibes.com,Female,147.162.108.238
126,Kirsteni,Oscroft,koscroft3h@java.com,Female,193.231.227.224
127,Harland,Amerighi,hamerighi3i@exblog.jp,Male,242.144.247.21
128,Vida,Bing,vbing3j@reference.com,Female,67.207.28.236
129,Crystie,Casol,ccasol3k@statcounter.com,Female,61.231.227.215
130,Selena,Boules,sboules3l@si.edu,Female,143.52.68.251
131,Neddy,Finnimore,nfinnimore3m@google.it,Male,59.50.17.188
132,Tonia,Burberye,tburberye3n@ibm.com,Female,174.206.142.10
133,Dyan,Innes,dinnes3o@elegantthemes.com,Female,145.157.36.190
134,Clair,Swanston,cswanston3p@hibu.com,Female,252.137.118.87
135,Wolfgang,Najera,wnajera3q@wufoo.com,Male,80.63.25.108
136,Ashli,Petriello,apetriello3r@ask.com,Polygender,10.206.44.160
137,Orran,Ferraro,oferraro3s@usgs.gov,Male,42.97.103.240
138,Almeda,Fawlkes,afawlkes3t@digg.com,Female,235.150.207.109
139,Feodor,Ladley,fladley3u@sitemeter.com,Male,143.115.11.46
140,Teddy,Websdale,twebsdale3v@china.com.cn,Female,16.187.157.3
141,Hunter,Goodhall,hgoodhall3w@altervista.org,Male,111.29.42.97
142,Linnell,Whitcher,lwhitcher3x@vistaprint.com,Female,203.204.154.135
143,Jodie,Gallaher,jgallaher3y@weebly.com,Bigender,57.38.76.31
144,Barty,Fierro,bfierro3z@parallels.com,Male,155.174.204.93
145,Eunice,Forth,eforth40@oaic.gov.au,Female,3.252.51.253
146,Mercie,Straneo,mstraneo41@nih.gov,Female,220.201.230.145
147,Marsha,Haggerstone,mhaggerstone42@time.com,Agender,201.118.203.135
148,Nadia,Courage,ncourage43@opera.com,Female,240.209.111.203
149,Sonnnie,Lanon,slanon44@delicious.com,Female,60.183.247.111
150,Manfred,Rachuig,mrachuig45@wisc.edu,Male,176.132.234.171
151,Mart,Killen,mkillen46@so-net.ne.jp,Male,177.117.41.33
152,Margaret,Iliff,miliff47@delicious.com,Female,28.8.87.150
153,Nicolette,Beves,nbeves48@intel.com,Female,59.2.201.248
154,Edsel,Huckett,ehuckett49@creativecommons.org,Male,245.76.202.118
155,Viv,Witherop,vwitherop4a@statcounter.com,Female,50.215.67.23
156,Chaddie,Cahalan,ccahalan4b@sakura.ne.jp,Male,87.114.192.246
157,Hobie,Jakubczyk,hjakubczyk4c@so-net.ne.jp,Male,202.172.184.94
158,Kizzie,McGerraghty,kmcgerraghty4d@hostgator.com,Female,219.97.98.88
159,Lorenzo,Gershom,lgershom4e@nytimes.com,Male,129.175.137.216
160,Saudra,Dedmam,sdedmam4f@cam.ac.uk,Female,97.56.187.95
161,Del,McClean,dmcclean4g@xrea.com,Male,46.58.126.161
162,Filippo,Price,fprice4h@chron.com,Male,229.32.43.128
163,Pryce,Shurey,pshurey4i@google.de,Male,97.27.88.57
164,Rhodia,Persicke,rpersicke4j@narod.ru,Female,237.30.194.56
165,Bernardine,Pregal,bpregal4k@apache.org,Female,85.190.60.13
166,Cherlyn,Lytlle,clytlle4l@skyrock.com,Bigender,108.194.228.46
167,Kassi,Enterle,kenterle4m@is.gd,Female,239.79.239.241
168,Michell,Carrodus,mcarrodus4n@mozilla.com,Female,160.49.105.68
169,Lizabeth,Ruseworth,lruseworth4o@drupal.org,Female,101.137.67.196
170,Freddie,Beumant,fbeumant4p@java.com,Male,199.54.44.59
171,Leif,Sturzaker,lsturzaker4q@posterous.com,Male,63.167.69.2
172,Jeanie,Lomath,jlomath4r@miibeian.gov.cn,Female,244.76.95.13
173,Edgard,Northam,enortham4s@live.com,Male,253.117.39.118
174,Sherilyn,Adamov,sadamov4t@ucla.edu,Female,220.222.217.95
175,Giuditta,Balaam,gbalaam4u@statcounter.com,Polygender,193.232.222.73
176,Kacey,Frantz,kfrantz4v@abc.net.au,Bigender,88.113.199.46
177,Hanna,Largan,hlargan4w@mit.edu,Female,20.75.169.187
178,Brana,Shmyr,bshmyr4x@hatena.ne.jp,Female,97.189.222.102
179,Caritta,Dennington,cdennington4y@bloglovin.com,Female,214.193.255.247
180,Maye,Pipe,mpipe4z@google.com.hk,Female,63.223.243.248
181,Reid,Dmytryk,rdmytryk50@uol.com.br,Male,105.233.117.209
182,Thurstan,Yetman,tyetman51@hexun.com,Male,145.177.249.152
183,Tobi,Fellis,tfellis52@hostgator.com,Female,186.235.9.71
184,Chicky,Poynser,cpoynser53@joomla.org,Male,46.138.223.3
185,Happy,Eytel,heytel54@harvard.edu,Female,188.253.88.26
186,Harlie,Westwell,hwestwell55@moonfruit.com,Female,32.189.13.53
187,Marcellina,McHarry,mmcharry56@cnbc.com,Female,180.248.226.176
188,Gabriel,Blanket,gblanket57@w3.org,Male,35.231.93.254
189,Gay,Adger,gadger58@omniture.com,Male,1.4.89.221
190,Layney,Desporte,ldesporte59@paginegialle.it,Female,46.129.150.191
191,Terencio,D'Hooghe,tdhooghe5a@example.com,Male,207.142.77.1
192,Susann,Hoodlass,shoodlass5b@howstuffworks.com,Female,226.191.86.173
193,Nada,Macek,nmacek5c@oaic.gov.au,Agender,115.145.72.199
194,Flinn,Prescott,fprescott5d@oracle.com,Male,166.50.71.197
195,Othella,Mogra,omogra5e@ifeng.com,Genderfluid,152.162.192.163
196,Editha,Rollo,erollo5f@delicious.com,Female,138.171.203.203
197,Viola,Valenti,vvalenti5g@flickr.com,Female,142.3.253.78
198,Andree,Hauch,ahauch5h@wufoo.com,Genderfluid,236.221.33.162
199,Leontyne,Ryan,lryan5i@japanpost.jp,Genderqueer,172.112.104.141
200,Nada,Seton,nseton5j@ameblo.jp,Female,13.63.37.3
201,Ana,Madner,amadner5k@ftc.gov,Female,117.208.122.36
202,Samantha,Dobble,sdobble5l@weibo.com,Female,129.205.220.60
203,Syd,Luigi,sluigi5m@columbia.edu,Male,76.228.208.37
204,Conway,Rewan,crewan5n@istockphoto.com,Male,194.200.66.197
205,Ebba,Chominski,echominski5o@yale.edu,Female,117.205.114.110
206,Roberta,Derrett,rderrett5p@techcrunch.com,Female,104.224.255.150
207,Lynea,Chomicki,lchomicki5q@epa.gov,Female,129.218.45.59
208,Lib,Iggalden,liggalden5r@wufoo.com,Female,62.87.186.56
209,Jolee,Fillary,jfillary5s@si.edu,Female,149.251.198.111
210,Sauncho,Studders,sstudders5t@alexa.com,Male,205.169.176.124
211,Dagmar,Burden,dburden5u@google.cn,Female,59.192.137.38
212,Sayre,Leedes,sleedes5v@wired.com,Female,20.140.194.91
213,Adela,Tongue,atongue5w@live.com,Female,50.135.187.243
214,Garrard,Young,gyoung5x@mlb.com,Male,144.2.183.144
215,Rona,Parkhouse,rparkhouse5y@springer.com,Female,219.113.167.57
216,Stefania,Dempsey,sdempsey5z@ucla.edu,Female,18.30.175.194
217,Torre,Sagar,tsagar60@intel.com,Polygender,12.61.35.58
218,Donaugh,Markova,dmarkova61@patch.com,Polygender,218.240.33.121
219,Iormina,McCloughlin,imccloughlin62@pcworld.com,Female,23.132.221.199
220,Vladimir,Eilers,veilers63@youtu.be,Male,9.253.55.86
221,Clarie,Macci,cmacci64@smugmug.com,Female,84.41.46.32
222,Nigel,Doornbos,ndoornbos65@paypal.com,Male,166.137.195.208
223,Goran,Knath,gknath66@bizjournals.com,Male,242.77.195.233
224,Trip,Sketch,tsketch67@furl.net,Male,112.212.197.28
225,Enrichetta,Andrusov,eandrusov68@desdev.cn,Female,3.254.217.186
226,Otho,Phelp,ophelp69@newsvine.com,Genderqueer,133.197.194.200
227,Shelton,Mazonowicz,smazonowicz6a@vinaora.com,Male,73.32.157.217
228,Maressa,Logie,mlogie6b@friendfeed.com,Female,22.229.79.115
229,Theodoric,Graysmark,tgraysmark6c@blogspot.com,Male,36.36.97.4
230,Orren,Wainer,owainer6d@blogspot.com,Male,4.98.159.119
231,Basilio,Blessed,bblessed6e@studiopress.com,Male,62.67.46.192
232,Waldon,Strain,wstrain6f@ibm.com,Bigender,6.12.181.27
233,Barney,Shillington,bshillington6g@techcrunch.com,Male,15.9.47.114
234,Fran,Ralling,fralling6h@twitter.com,Female,69.54.67.143
235,Louis,Hawford,lhawford6i@slideshare.net,Male,148.32.71.60
236,Lyell,Matelaitis,lmatelaitis6j@reuters.com,Male,68.128.74.146
237,Worth,Bruffell,wbruffell6k@forbes.com,Male,234.128.77.165
238,Hebert,Whiffin,hwhiffin6l@blogs.com,Male,98.188.111.29
239,Daphna,Broadberry,dbroadberry6m@phpbb.com,Female,181.221.193.98
240,Andriette,Windridge,awindridge6n@admin.ch,Female,37.110.250.50
241,Pacorro,Nekrews,pnekrews6o@jiathis.com,Male,155.2.223.204
242,Orville,Grabbam,ograbbam6p@google.com.hk,Male,154.77.94.83
243,Renard,Murton,rmurton6q@e-recht24.de,Male,165.172.89.183
244,Laughton,Vidgen,lvidgen6r@myspace.com,Male,97.93.198.211
245,Chaunce,Cominello,ccominello6s@paypal.com,Male,80.191.115.101
246,Sinclare,Sizzey,ssizzey6t@creativecommons.org,Male,67.96.28.107
247,Herve,O'Fogarty,hofogarty6u@dagondesign.com,Male,219.154.141.87
248,Inesita,Webborn,iwebborn6v@storify.com,Female,25.96.196.208
249,Luca,Bullion,lbullion6w@elegantthemes.com,Male,45.211.10.150
250,Maribeth,Clementucci,mclementucci6x@google.pl,Female,50.110.232.16
251,Lynnelle,Dowdall,ldowdall6y@cnbc.com,Female,73.78.59.159
252,Yolane,Belin,ybelin6z@usda.gov,Female,241.184.249.164
253,Patricio,Minear,pminear70@freewebs.com,Male,225.29.244.81
254,Georgia,Rand,grand71@archive.org,Female,96.183.183.28
255,Judd,Brampton,jbrampton72@yellowbook.com,Male,30.224.16.126
256,Goddard,Chaikovski,gchaikovski73@nba.com,Male,15.191.74.109
257,Ninnette,Aleshintsev,naleshintsev74@ehow.com,Female,4.54.123.3
258,Alphonso,Ferraro,aferraro75@google.co.jp,Male,123.204.97.136
259,Leelah,Pease,lpease76@digg.com,Female,2.157.52.243
260,Emili,Collumbine,ecollumbine77@meetup.com,Female,124.12.57.62
261,Dela,Harmon,dharmon78@auda.org.au,Non-binary,197.127.75.145
262,Nicoline,Fist,nfist79@apache.org,Female,14.140.122.208
263,Adore,Guillart,aguillart7a@ifeng.com,Female,39.116.121.151
264,Beatriz,Ramlot,bramlot7b@cnn.com,Female,2.97.1.195
265,Marty,Proschke,mproschke7c@blog.com,Female,148.196.23.216
266,Jeane,Moreing,jmoreing7d@aboutads.info,Female,79.51.5.203
267,Rowland,Holcroft,rholcroft7e@icq.com,Male,4.201.154.107
268,Malcolm,Maudett,mmaudett7f@epa.gov,Male,3.209.36.114
269,Eden,Petersen,epetersen7g@ameblo.jp,Female,253.169.218.31
270,Jeni,Thurstance,jthurstance7h@utexas.edu,Female,196.141.250.19
271,Dillon,Dondon,ddondon7i@ustream.tv,Male,73.162.56.106
272,Olivie,MacCleod,omaccleod7j@vistaprint.com,Female,254.64.5.97
273,Hussein,Murford,hmurford7k@earthlink.net,Male,142.142.52.221
274,Celestyn,Over,cover7l@webs.com,Female,63.82.146.147
275,Jereme,Karczinski,jkarczinski7m@buzzfeed.com,Male,77.252.197.245
276,Jamesy,Bayman,jbayman7n@indiatimes.com,Male,134.0.43.130
277,Donaugh,De Morena,ddemorena7o@netlog.com,Male,83.0.121.235
278,Jerrylee,Grebert,jgrebert7p@deliciousdays.com,Female,22.156.132.64
279,Albrecht,Lerego,alerego7q@bbb.org,Male,196.142.227.120
280,Duff,Peplow,dpeplow7r@upenn.edu,Male,153.17.101.65
281,Eydie,Dobrowlski,edobrowlski7s@washington.edu,Female,36.73.173.190
282,Rowland,Gully,rgully7t@skyrock.com,Male,189.37.248.91
283,Madelyn,Hurford,mhurford7u@cdc.gov,Female,201.222.252.227
284,Luella,Lantaph,llantaph7v@stumbleupon.com,Female,71.239.225.247
285,Mylo,Jakubovsky,mjakubovsky7w@livejournal.com,Male,181.79.44.48
286,Howey,Livingstone,hlivingstone7x@1688.com,Male,83.37.54.244
287,Loria,Judson,ljudson7y@elegantthemes.com,Female,254.160.160.21
288,Jonie,Ragbourne,jragbourne7z@lulu.com,Female,74.161.253.64
289,Fritz,Ivanyukov,fivanyukov80@vk.com,Male,85.203.158.61
290,Farley,Gland,fgland81@phpbb.com,Male,49.14.236.112
291,Ulberto,Snelson,usnelson82@theglobeandmail.com,Agender,220.193.225.13
292,Clywd,Averill,caverill83@reverbnation.com,Male,72.102.127.236
293,Lyle,Bodley,lbodley84@ameblo.jp,Male,155.127.161.29
294,Suzy,Glede,sglede85@dot.gov,Female,17.228.132.105
295,Dalston,Bamell,dbamell86@cornell.edu,Male,129.93.86.251
296,Mack,Castellan,mcastellan87@feedburner.com,Male,178.108.210.202
297,Kristi,Adolphine,kadolphine88@wp.com,Non-binary,167.226.120.240
298,Timoteo,Beumant,tbeumant89@bbc.co.uk,Male,72.170.108.201
299,Juditha,Brady,jbrady8a@posterous.com,Female,218.44.226.102
300,Ramsay,Tumelty,rtumelty8b@wiley.com,Male,103.255.130.149
301,Lena,O' Neligan,loneligan8c@free.fr,Female,99.92.190.21
302,Umberto,Yukhnin,uyukhnin8d@latimes.com,Male,206.65.187.74
303,Wilbur,Atheis,watheis8e@delicious.com,Male,80.166.59.55
304,Joannes,Metzig,jmetzig8f@rediff.com,Female,182.8.97.155
305,Etta,Vamplus,evamplus8g@usgs.gov,Female,184.190.245.186
306,Sarene,Gallagher,sgallagher8h@vinaora.com,Female,130.153.47.86
307,Salmon,Newnham,snewnham8i@latimes.com,Male,18.182.125.111
308,Allsun,Garnsworth,agarnsworth8j@yellowpages.com,Female,176.236.130.160
309,Ray,McKniely,rmckniely8k@mediafire.com,Male,171.94.239.57
310,Ryon,Leetham,rleetham8l@nsw.gov.au,Male,133.178.145.214
311,Charline,Melburg,cmelburg8m@cdc.gov,Female,185.160.68.228
312,Cherice,Winterscale,cwinterscale8n@networkadvertising.org,Female,39.161.221.121
313,Brandyn,Squier,bsquier8o@blogs.com,Bigender,113.183.121.237
314,Neron,Colenutt,ncolenutt8p@storify.com,Male,227.247.171.86
315,Roch,Cordey,rcordey8q@imageshack.us,Female,7.10.42.98
316,Cornie,Ledson,cledson8r@joomla.org,Male,105.24.91.59
317,Olympe,Mohring,omohring8s@mlb.com,Female,26.65.93.94
318,Helsa,Brotherick,hbrotherick8t@uol.com.br,Female,64.130.241.114
319,Rogerio,Upjohn,rupjohn8u@cam.ac.uk,Male,207.147.254.245
320,Sabra,Ekkel,sekkel8v@quantcast.com,Female,58.205.77.172
321,Dun,Flacknell,dflacknell8w@deviantart.com,Male,144.158.124.94
322,Zebedee,Hevner,zhevner8x@tamu.edu,Male,147.94.87.22
323,Marion,Meyrick,mmeyrick8y@walmart.com,Female,96.89.194.165
324,Laurena,Cristoforetti,lcristoforetti8z@fotki.com,Female,89.152.31.218
325,Melisenda,Levey,mlevey90@fotki.com,Female,140.12.192.20
326,Sim,Bezemer,sbezemer91@nbcnews.com,Male,106.191.126.31
327,Walsh,Cankett,wcankett92@last.fm,Male,62.107.244.50
328,Jade,Sebire,jsebire93@indiegogo.com,Female,66.80.161.154
329,Marieann,Tanti,mtanti94@networksolutions.com,Female,205.44.129.116
330,Kristina,Barefoot,kbarefoot95@zdnet.com,Genderfluid,101.128.214.212
331,Willdon,Jakubiak,wjakubiak96@gravatar.com,Male,84.175.196.222
332,Ninon,Raybould,nraybould97@blog.com,Female,2.72.38.17
333,Perceval,Flucks,pflucks98@phpbb.com,Male,186.224.33.47
334,Paola,Collcott,pcollcott99@samsung.com,Female,117.112.139.147
335,Ericha,Sitwell,esitwell9a@senate.gov,Non-binary,154.7.121.13
336,Rhetta,Bartoshevich,rbartoshevich9b@sitemeter.com,Female,26.162.29.223
337,Kalinda,Challis,kchallis9c@ft.com,Female,65.5.196.205
338,Elbertine,O' Timony,eotimony9d@smh.com.au,Female,61.209.163.111
339,Bevin,Coppens,bcoppens9e@cloudflare.com,Male,207.149.41.247
340,Sissie,Thurborn,sthurborn9f@wikispaces.com,Female,56.223.97.43
341,Gretel,Dickie,gdickie9g@zimbio.com,Female,40.75.244.151
342,Vick,Wyeld,vwyeld9h@themeforest.net,Male,195.62.105.226
343,Sumner,Baysting,sbaysting9i@4shared.com,Male,246.168.76.196
344,Teador,Howland,thowland9j@aol.com,Male,57.40.206.39
345,Humfried,Jowitt,hjowitt9k@google.cn,Male,107.156.178.102
346,Rudd,Scougal,rscougal9l@redcross.org,Male,24.254.140.58
347,Maitilde,Struther,mstruther9m@nature.com,Female,31.180.66.249
348,Dalt,Siddle,dsiddle9n@hatena.ne.jp,Male,52.131.254.86
349,Claudie,Wycherley,cwycherley9o@tmall.com,Bigender,125.37.199.175
350,Bert,Boniface,bboniface9p@ucla.edu,Male,127.239.151.63
351,Bethanne,Fairebrother,bfairebrother9q@latimes.com,Female,74.40.34.183
352,Durant,Bonn,dbonn9r@dion.ne.jp,Male,101.73.18.80
353,Sebastian,Oakden,soakden9s@pen.io,Male,179.99.102.131
354,Ulrica,Burds,uburds9t@admin.ch,Female,193.92.158.88
355,Marquita,Insull,minsull9u@eventbrite.com,Female,94.164.15.147
356,Maurizia,Aleevy,maleevy9v@odnoklassniki.ru,Female,91.27.102.210
357,Verina,Chater,vchater9w@acquirethisname.com,Female,18.200.173.60
358,Hedy,Mouncher,hmouncher9x@telegraph.co.uk,Genderqueer,224.104.134.67
359,Tedi,Risbridge,trisbridge9y@howstuffworks.com,Female,3.229.220.92
360,Elroy,Dury,edury9z@meetup.com,Bigender,20.254.161.81
361,Belinda,Finney,bfinneya0@printfriendly.com,Female,242.182.73.97
362,Mathe,Bolesma,mbolesmaa1@gravatar.com,Polygender,25.85.25.41
363,Wilhelmina,Iacobassi,wiacobassia2@baidu.com,Female,170.235.136.188
364,Joelie,Kewley,jkewleya3@adobe.com,Genderqueer,169.1.190.5
365,Maggee,Bulfoot,mbulfoota4@prweb.com,Female,155.186.125.213
366,Franny,Altoft,faltofta5@cnn.com,Female,34.70.206.248
367,Ivy,Vicar,ivicara6@biblegateway.com,Female,147.213.100.211
368,Sigmund,Domaschke,sdomaschkea7@nytimes.com,Male,8.72.37.184
369,Cal,Hamlin,chamlina8@hatena.ne.jp,Female,247.173.69.26
370,Lynnea,Roskrug,lroskruga9@gizmodo.com,Polygender,0.124.111.62
371,Cortney,Hartell,chartellaa@ameblo.jp,Female,252.177.50.128
372,Walker,Halloran,whalloranab@discovery.com,Male,5.40.52.178
373,Ealasaid,Pach,epachac@theatlantic.com,Female,108.200.143.95
374,Katharine,Vowden,kvowdenad@wufoo.com,Female,61.7.33.104
375,Keir,Khalid,kkhalidae@printfriendly.com,Male,99.38.184.169
376,Alica,Vassel,avasselaf@wiley.com,Female,155.88.42.45
377,Emlen,Simacek,esimacekag@multiply.com,Male,43.81.243.207
378,Ted,Lowton,tlowtonah@tripadvisor.com,Female,101.164.163.100
379,Staci,Fines,sfinesai@163.com,Female,10.69.30.245
380,Leigha,Koeppe,lkoeppeaj@parallels.com,Female,237.102.69.184
381,Sigvard,Lait,slaitak@surveymonkey.com,Non-binary,14.255.223.216
382,Gilberta,Dunlea,gdunleaal@phoca.cz,Polygender,201.126.158.45
383,Woodman,Grigori,wgrigoriam@unicef.org,Male,87.168.54.73
384,Lyndell,Zotto,lzottoan@rambler.ru,Female,249.66.88.114
385,Roy,Dissman,rdissmanao@skype.com,Agender,55.114.3.187
386,Roderick,Bohlsen,rbohlsenap@over-blog.com,Male,153.121.56.127
387,April,Farrant,afarrantaq@sphinn.com,Female,129.184.69.122
388,Maddie,Elvey,melveyar@gov.uk,Bigender,206.98.186.196
389,Reynolds,Livens,rlivensas@woothemes.com,Non-binary,143.235.127.228
390,Bailey,Maddams,bmaddamsat@blogs.com,Male,228.18.154.97
391,Leif,Thurby,lthurbyau@t-online.de,Male,134.152.1.193
392,Milly,Fortman,mfortmanav@nsw.gov.au,Female,63.110.170.204
393,Maisie,Geck,mgeckaw@harvard.edu,Female,178.175.104.246
394,Ikey,Lockitt,ilockittax@last.fm,Male,255.10.34.36
395,Alonso,Bearward,abearwarday@usatoday.com,Male,232.68.80.134
396,Marlie,Bridgwater,mbridgwateraz@godaddy.com,Female,77.23.225.222
397,Arline,Wyett,awyettb0@msn.com,Female,89.197.167.126
398,Clementia,Saltsberger,csaltsbergerb1@ycombinator.com,Female,218.1.19.30
399,Jonie,Lipson,jlipsonb2@illinois.edu,Female,220.36.223.21
400,Fredek,Haughian,fhaughianb3@a8.net,Male,71.46.208.216
401,Jared,Culleford,jcullefordb4@accuweather.com,Male,14.5.16.79
402,Lamar,Burgan,lburganb5@mit.edu,Male,221.78.46.72
403,Ezra,Ivell,eivellb6@canalblog.com,Male,173.48.156.194
404,Dalis,Annion,dannionb7@cafepress.com,Male,0.199.152.245
405,Shir,Kesten,skestenb8@weibo.com,Female,99.48.166.123
406,Neddy,Somner,nsomnerb9@seesaa.net,Non-binary,180.49.39.95
407,Imogene,Jovasevic,ijovasevicba@sitemeter.com,Female,162.124.133.69
408,Basile,Carff,bcarffbb@google.com.hk,Genderfluid,240.170.15.227
409,Bart,Dovey,bdoveybc@behance.net,Male,122.30.164.15
410,Trina,Di Giacomettino,tdigiacomettinobd@cbslocal.com,Female,6.241.185.150
411,Burnaby,Somerled,bsomerledbe@redcross.org,Male,12.136.46.85
412,Bondie,Glastonbury,bglastonburybf@instagram.com,Male,255.18.205.151
413,Chico,Goldstone,cgoldstonebg@slashdot.org,Male,197.175.229.14
414,Jacklyn,Rudram,jrudrambh@mysql.com,Bigender,87.190.1.172
415,Sabrina,Fennick,sfennickbi@tmall.com,Female,116.164.51.124
416,Candace,Elington,celingtonbj@ocn.ne.jp,Female,60.169.58.118
417,Livy,McGenn,lmcgennbk@google.cn,Female,177.101.222.157
418,Joshia,McCrow,jmccrowbl@chron.com,Male,226.92.130.52
419,Eamon,MacGaughy,emacgaughybm@istockphoto.com,Male,17.191.163.8
420,Eward,Burgum,eburgumbn@123-reg.co.uk,Male,83.39.45.144
421,Gannon,Polycote,gpolycotebo@buzzfeed.com,Male,38.107.121.144
422,Skell,Say,ssaybp@omniture.com,Male,243.198.50.9
423,Kittie,Burde,kburdebq@prlog.org,Female,224.218.46.198
424,Ines,Gadsby,igadsbybr@si.edu,Female,215.189.253.213
425,Suzy,Ridgeway,sridgewaybs@tripadvisor.com,Female,224.3.120.75
426,Enrika,Beasley,ebeasleybt@google.nl,Female,130.53.7.248
427,Boote,Colebourne,bcolebournebu@time.com,Male,237.102.54.23
428,Adolph,Harmson,aharmsonbv@cbc.ca,Male,103.244.143.192
429,Nev,Bockmann,nbockmannbw@devhub.com,Male,95.205.250.236
430,Britte,Jopke,bjopkebx@histats.com,Female,136.229.185.153
431,Moritz,Blackaby,mblackabyby@timesonline.co.uk,Male,231.53.78.132
432,Ernesta,Coombe,ecoombebz@whitehouse.gov,Female,133.62.114.195
433,Tyler,Lines,tlinesc0@springer.com,Male,112.71.97.46
434,Gerrilee,Purtell,gpurtellc1@printfriendly.com,Female,47.195.131.99
435,Linus,Albutt,lalbuttc2@hud.gov,Male,199.57.46.32
436,Brittni,Cotton,bcottonc3@geocities.com,Female,247.109.32.32
437,Karoline,McClancy,kmcclancyc4@twitter.com,Female,95.112.10.138
438,Josy,Jone,jjonec5@dot.gov,Female,149.198.35.134
439,Henka,Merkel,hmerkelc6@blinklist.com,Female,103.62.23.155
440,Elora,Visick,evisickc7@bigcartel.com,Female,94.154.60.202
441,Elwood,Pretsel,epretselc8@360.cn,Male,111.124.185.32
442,Judah,Blazevic,jblazevicc9@google.ca,Male,144.94.249.142
443,Jared,Shrubsall,jshrubsallca@ca.gov,Male,173.93.73.141
444,Dore,MacKomb,dmackombcb@weather.com,Male,205.171.156.35
445,Wilfred,Halliberton,whallibertoncc@berkeley.edu,Male,154.94.196.154
446,Laurel,Vigers,lvigerscd@ovh.net,Female,251.141.26.219
447,Wilden,Martinelli,wmartinellice@nydailynews.com,Male,46.45.1.129
448,Tabor,Killen,tkillencf@dailymail.co.uk,Non-binary,57.58.93.100
449,Derwin,Schlagman,dschlagmancg@shinystat.com,Male,77.162.35.254
450,Stavro,Vobes,svobesch@theatlantic.com,Male,47.238.252.17
451,Regina,Mogenot,rmogenotci@skype.com,Female,15.44.200.211
452,Isaac,Sylett,isylettcj@is.gd,Male,249.14.63.251
453,Aksel,Kubach,akubachck@mysql.com,Male,189.173.47.69
454,Egan,Brabin,ebrabincl@economist.com,Male,122.167.201.63
455,Ferris,Digman,fdigmancm@google.com.hk,Male,77.61.118.17
456,Laurel,Lauret,llauretcn@technorati.com,Female,216.84.118.184
457,Ailee,Windus,awindusco@mediafire.com,Genderfluid,141.61.191.139
458,Winfield,Lydiate,wlydiatecp@angelfire.com,Male,124.160.209.33
459,Erik,Kehir,ekehircq@goodreads.com,Male,243.245.37.131
460,Patti,Stanbrooke,pstanbrookecr@google.pl,Female,203.199.82.26
461,Amberly,Armfield,aarmfieldcs@fotki.com,Female,118.116.97.33
462,Darrin,Girth,dgirthct@wix.com,Male,84.204.109.214
463,Carlotta,Titlow,ctitlowcu@redcross.org,Female,184.195.41.18
464,Elvis,Males,emalescv@shareasale.com,Male,216.110.103.136
465,Oralee,Fink,ofinkcw@simplemachines.org,Female,247.218.219.60
466,Gussy,Rozzell,grozzellcx@163.com,Female,159.211.242.3
467,Ingar,Bottoms,ibottomscy@hud.gov,Male,227.32.70.106
468,Ky,De Mattia,kdemattiacz@pinterest.com,Male,78.88.29.189
469,Joella,Rowlson,jrowlsond0@patch.com,Female,170.105.103.174
470,Sibby,Heindrick,sheindrickd1@webnode.com,Female,223.122.92.139
471,Emmery,Orht,eorhtd2@ezinearticles.com,Male,186.101.211.92
472,Annabal,Springle,aspringled3@fda.gov,Female,93.20.126.169
473,Garnet,Lenaghen,glenaghend4@wikimedia.org,Female,108.104.175.201
474,Ealasaid,Zupo,ezupod5@twitter.com,Female,2.148.112.221
475,Anabel,Keppe,akepped6@wikimedia.org,Female,224.41.151.126
476,Felike,McKeeman,fmckeemand7@wsj.com,Male,97.127.203.245
477,Jacquette,Kitchingman,jkitchingmand8@salon.com,Female,198.255.196.141
478,Albertine,Krollman,akrollmand9@live.com,Female,197.75.234.200
479,Jonie,Bridgwater,jbridgwaterda@cbsnews.com,Non-binary,72.103.47.88
480,Onida,Clay,oclaydb@webs.com,Female,205.184.42.193
481,Neron,Scougall,nscougalldc@360.cn,Male,206.118.14.135
482,Madelyn,Gruszecki,mgruszeckidd@tripod.com,Polygender,90.248.92.236
483,Sorcha,Mathieu,smathieude@shareasale.com,Female,102.237.206.143
484,Theda,Pirrone,tpirronedf@google.com,Female,145.95.49.238
485,Elenore,Clissold,eclissolddg@state.tx.us,Female,137.129.177.54
486,Talia,Scotson,tscotsondh@issuu.com,Female,106.133.35.64
487,Carolus,Jado,cjadodi@opensource.org,Male,210.45.46.251
488,Maitilde,Isherwood,misherwooddj@noaa.gov,Female,37.20.129.197
489,Bari,Bliss,bblissdk@com.com,Female,98.99.93.115
490,Eldredge,Hardwich,ehardwichdl@hp.com,Male,93.4.63.233
491,Maurita,Tavener,mtavenerdm@mlb.com,Female,117.80.207.152
492,Eli,Askey,easkeydn@fotki.com,Male,136.219.87.45
493,Tonie,Lilbourne,tlilbournedo@twitter.com,Female,49.243.161.231
494,Rowan,Griswood,rgriswooddp@freewebs.com,Male,101.223.18.7
495,Celia,Byass,cbyassdq@domainmarket.com,Female,45.106.173.112
496,Willdon,Hanster,whansterdr@sciencedaily.com,Male,104.64.180.158
497,Adria,Brixey,abrixeyds@tinyurl.com,Female,97.44.97.4
498,Carin,Costelloe,ccostelloedt@eventbrite.com,Female,236.184.223.214
499,Josh,Goulborne,jgoulbornedu@mit.edu,Male,136.99.31.66
500,Rodger,Masi,rmasidv@mozilla.com,Male,175.162.45.93
501,Dennie,Bauer,dbauerdw@cornell.edu,Female,115.158.103.203
502,Gusta,Boyington,gboyingtondx@cnn.com,Genderqueer,190.252.64.25
503,Charlie,Gelderd,cgelderddy@abc.net.au,Male,37.67.81.186
504,Kenton,Jachimczak,kjachimczakdz@soup.io,Male,55.186.150.127
505,Clarence,Stoakley,cstoakleye0@dell.com,Male,231.220.255.29
506,Anabal,Izzard,aizzarde1@amazonaws.com,Female,7.15.217.243
507,Marlyn,De la Feld,mdelafelde2@marketwatch.com,Female,159.22.247.115
508,Davide,Skule,dskulee3@google.cn,Male,61.167.236.142
509,Evelyn,Blaker,eblakere4@guardian.co.uk,Male,224.223.34.39
510,Barney,McGeown,bmcgeowne5@newsvine.com,Male,255.113.19.9
511,Anatole,Gledhall,agledhalle6@google.it,Non-binary,214.233.209.21
512,Celka,Yon,cyone7@prlog.org,Female,95.70.233.44
513,Janelle,Klasen,jklasene8@home.pl,Female,37.72.63.20
514,Kerri,Dewdney,kdewdneye9@umich.edu,Female,145.136.3.46
515,Stefa,Ockleshaw,sockleshawea@ameblo.jp,Female,206.3.168.200
516,Malena,Garn,mgarneb@nymag.com,Female,60.27.47.130
517,Lucinda,Curtis,lcurtisec@t.co,Female,161.3.133.57
518,Anthiathia,Caple,acapleed@bloglovin.com,Female,65.233.217.167
519,Merrick,Dowry,mdowryee@newsvine.com,Male,22.200.203.233
520,Marcos,Daltrey,mdaltreyef@wix.com,Male,62.66.125.100
521,Russ,Bargh,rbargheg@twitter.com,Male,182.168.232.55
522,Briana,Blaber,bblabereh@prweb.com,Agender,242.76.183.169
523,Cristobal,Kilgannon,ckilgannonei@php.net,Male,185.221.143.241
524,Marlane,O'Monahan,momonahanej@howstuffworks.com,Female,202.35.39.140
525,Beniamino,McKevany,bmckevanyek@discuz.net,Male,119.162.236.0
526,Jolynn,Mattiuzzi,jmattiuzziel@hostgator.com,Female,118.247.133.167
527,Ashleigh,Sheerman,asheermanem@infoseek.co.jp,Agender,136.177.188.25
528,Melisande,Slocomb,mslocomben@acquirethisname.com,Female,253.204.228.20
529,Karia,Crooks,kcrookseo@hao123.com,Female,121.139.4.36
530,Carine,Celli,ccelliep@moonfruit.com,Female,247.182.34.248
531,Krystal,Rigate,krigateeq@wsj.com,Female,145.138.183.157
532,Sebastiano,Downe,sdowneer@rediff.com,Male,220.139.232.105
533,Corny,Kimmel,ckimmeles@blogtalkradio.com,Male,147.148.160.44
534,Lyman,Chamley,lchamleyet@linkedin.com,Male,181.125.228.42
535,Perceval,Treadgall,ptreadgalleu@java.com,Male,65.98.113.134
536,Reggy,Streatfield,rstreatfieldev@technorati.com,Male,23.28.118.1
537,Constance,Addeycott,caddeycottew@tumblr.com,Female,33.45.60.101
538,Erl,Darwent,edarwentex@wiley.com,Male,93.138.209.79
539,Tybie,Spurritt,tspurrittey@vistaprint.com,Female,151.250.121.163
540,Theodora,Knight,tknightez@samsung.com,Female,112.148.172.211
541,Gran,Deerness,gdeernessf0@nymag.com,Male,2.156.187.51
542,Sissie,Chritchlow,schritchlowf1@comcast.net,Female,164.113.72.246
543,Axel,Casemore,acasemoref2@sciencedaily.com,Male,120.136.169.138
544,Fleurette,Tumber,ftumberf3@technorati.com,Female,112.206.184.235
545,Diena,MacPike,dmacpikef4@google.ca,Female,149.91.75.162
546,Pascale,Cordner,pcordnerf5@sohu.com,Genderqueer,166.219.163.153
547,Oralla,Ripley,oripleyf6@amazonaws.com,Female,141.195.78.195
548,Kalindi,Boston,kbostonf7@dmoz.org,Female,230.251.188.183
549,Wyatan,Rozet,wrozetf8@guardian.co.uk,Male,130.204.106.106
550,Morna,Mewett,mmewettf9@youku.com,Female,205.183.212.166
551,Godfrey,Chetwin,gchetwinfa@ameblo.jp,Male,19.56.236.23
552,Hernando,Sherer,hshererfb@istockphoto.com,Male,237.6.142.59
553,Yetta,Eastabrook,yeastabrookfc@cdc.gov,Female,105.84.30.95
554,Odey,Troy,otroyfd@japanpost.jp,Male,45.168.71.56
555,Jorge,Hazelhurst,jhazelhurstfe@simplemachines.org,Male,219.195.28.6
556,Adriaens,Brumble,abrumbleff@epa.gov,Female,198.213.71.87
557,Leilah,O'Donegan,lodoneganfg@bigcartel.com,Female,52.192.11.165
558,Jeniece,Dibble,jdibblefh@ebay.com,Female,80.79.84.216
559,Nicholle,Miguet,nmiguetfi@bizjournals.com,Female,76.205.36.1
560,Stacie,Tinner,stinnerfj@myspace.com,Female,233.121.174.84
561,Orbadiah,Ranscombe,oranscombefk@goodreads.com,Male,1.79.121.235
562,Harrietta,Urlin,hurlinfl@weibo.com,Female,215.48.178.175
563,Babb,Golds,bgoldsfm@cbc.ca,Genderqueer,98.217.239.217
564,Walther,Claridge,wclaridgefn@independent.co.uk,Male,52.50.20.106
565,Darleen,Train,dtrainfo@google.es,Female,184.51.53.47
566,Bryon,Welsh,bwelshfp@ebay.com,Male,192.160.182.121
567,Rossy,Lampbrecht,rlampbrechtfq@gov.uk,Genderfluid,53.228.142.191
568,Wilhelm,Bengall,wbengallfr@amazon.com,Male,84.218.173.124
569,Osbourn,Hanks,ohanksfs@adobe.com,Bigender,235.67.50.76
570,Zahara,Carne,zcarneft@bing.com,Female,28.175.90.224
571,Ameline,Axup,aaxupfu@phpbb.com,Female,252.183.225.44
572,Ken,Andrews,kandrewsfv@washington.edu,Bigender,54.55.221.88
573,Nero,Duffill,nduffillfw@vistaprint.com,Male,35.133.141.102
574,Halsy,Linneman,hlinnemanfx@mediafire.com,Non-binary,89.234.73.148
575,Portia,Edmand,pedmandfy@webnode.com,Female,197.114.191.205
576,Joana,Cambridge,jcambridgefz@microsoft.com,Female,58.1.234.89
577,Gianni,McKennan,gmckennang0@miibeian.gov.cn,Male,205.232.192.63
578,Dolf,Franzini,dfranzinig1@google.com.hk,Male,98.69.123.194
579,Ezri,Gorton,egortong2@pen.io,Male,12.157.16.214
580,Ibbie,Brodie,ibrodieg3@wunderground.com,Genderfluid,15.91.71.147
581,Peria,Huzzey,phuzzeyg4@icq.com,Genderqueer,61.16.122.223
582,Layton,Fratczak,lfratczakg5@eepurl.com,Male,182.139.215.94
583,Eliot,Whyberd,ewhyberdg6@nydailynews.com,Male,189.197.148.254
584,Marshall,Mulmuray,mmulmurayg7@businessweek.com,Male,54.157.209.229
585,Mandie,Barens,mbarensg8@statcounter.com,Female,105.56.139.246
586,Rollie,Van der Beek,rvanderbeekg9@earthlink.net,Male,242.31.145.26
587,Glenda,Paolacci,gpaolacciga@a8.net,Agender,12.132.59.147
588,Candide,Lepper,cleppergb@smh.com.au,Female,89.53.161.214
589,Patrice,Raigatt,praigattgc@elpais.com,Female,76.195.233.185
590,Karissa,Schuster,kschustergd@lycos.com,Female,147.148.225.194
591,Maurits,Fritche,mfritchege@purevolume.com,Male,148.205.37.43
592,Law,Borris,lborrisgf@sphinn.com,Male,33.84.14.136
593,Brion,Laffan,blaffangg@360.cn,Male,251.195.28.165
594,Sigfried,McGrath,smcgrathgh@imgur.com,Male,23.152.169.172
595,Barnie,Parkinson,bparkinsongi@shutterfly.com,Male,2.144.104.241
596,Tonia,Mion,tmiongj@youtube.com,Female,53.9.10.93
597,Olav,Rougier,orougiergk@patch.com,Male,224.178.179.153
598,Wayne,Furmston,wfurmstongl@marriott.com,Male,28.189.140.166
599,Mitchell,O'Cooney,mocooneygm@moonfruit.com,Male,16.112.224.108
600,Mordecai,Carbin,mcarbingn@usa.gov,Male,248.67.194.140
601,Babette,Rootes,brootesgo@miibeian.gov.cn,Female,161.144.65.238
602,Ginelle,Mozzi,gmozzigp@ycombinator.com,Female,244.219.68.40
603,Yehudit,Izat,yizatgq@shinystat.com,Male,74.84.145.207
604,Lock,Dellit,ldellitgr@tuttocitta.it,Male,8.90.20.174
605,Katalin,Mapston,kmapstongs@tamu.edu,Female,92.224.30.110
606,Annice,Lowre,alowregt@bing.com,Female,246.53.83.8
607,Pincas,Brimley,pbrimleygu@miitbeian.gov.cn,Polygender,197.138.143.188
608,Dix,Maleney,dmaleneygv@cloudflare.com,Female,197.0.200.249
609,Saw,McGillivray,smcgillivraygw@edublogs.org,Male,128.152.181.184
610,Eveleen,Hazelgreave,ehazelgreavegx@vinaora.com,Female,132.205.190.85
611,Kippie,Scanes,kscanesgy@1und1.de,Female,252.18.54.240
612,Izak,Grennan,igrennangz@nasa.gov,Male,199.138.165.96
613,Gamaliel,Connikie,gconnikieh0@tuttocitta.it,Male,52.123.12.164
614,Titos,Baden,tbadenh1@reuters.com,Male,177.228.209.91
615,Genia,Culwen,gculwenh2@addthis.com,Female,188.255.38.95
616,Dexter,Chetter,dchetterh3@examiner.com,Male,119.25.90.19
617,Danyette,Loosemore,dloosemoreh4@yahoo.com,Female,92.56.57.135
618,Marcille,Harrod,mharrodh5@tamu.edu,Female,4.94.54.54
619,Crissy,Gravener,cgravenerh6@prweb.com,Female,213.173.144.141
620,Horatia,Barthot,hbarthoth7@163.com,Female,66.210.128.51
621,Murry,Thackwray,mthackwrayh8@live.com,Male,49.215.223.73
622,Christina,Gilks,cgilksh9@amazon.com,Female,186.156.78.82
623,Minetta,Turbill,mturbillha@bbb.org,Female,14.214.61.203
624,Jackie,Daal,jdaalhb@ted.com,Female,133.199.34.28
625,Cybil,Dawdary,cdawdaryhc@trellian.com,Polygender,198.147.214.147
626,Salaidh,Molan,smolanhd@youku.com,Female,21.140.27.234
627,Ardath,Dugald,adugaldhe@virginia.edu,Female,170.44.72.117
628,Iggy,De Bischop,idebischophf@histats.com,Male,194.74.177.102
629,Rory,Rolling,rrollinghg@tumblr.com,Female,160.27.236.210
630,Pete,Meenehan,pmeenehanhh@sbwire.com,Male,155.123.133.108
631,Bendicty,Hallsworth,bhallsworthhi@kickstarter.com,Male,35.166.90.29
632,Granny,Braghini,gbraghinihj@example.com,Male,45.180.231.130
633,Mackenzie,Mc Pake,mmcpakehk@hc360.com,Male,52.78.11.94
634,Alexandro,Golton,agoltonhl@jimdo.com,Male,113.81.145.152
635,Elisa,Kummerlowe,ekummerlowehm@walmart.com,Female,244.113.116.202
636,Hermon,Laite,hlaitehn@yandex.ru,Male,23.114.120.119
637,Cristiano,Stennett,cstennettho@globo.com,Male,126.249.92.232
638,Auria,Risley,arisleyhp@businessweek.com,Female,17.205.195.123
639,Norine,Cudiff,ncudiffhq@google.co.uk,Female,30.203.62.60
640,Huntley,Righy,hrighyhr@prnewswire.com,Non-binary,110.14.198.189
641,Lizbeth,Headley,lheadleyhs@theatlantic.com,Female,98.107.249.61
642,Konstantin,Blaxill,kblaxillht@imdb.com,Agender,185.151.173.114
643,Normand,Starte,nstartehu@sciencedaily.com,Male,97.195.172.125
644,Davey,Castagneri,dcastagnerihv@slashdot.org,Male,134.74.234.102
645,Thadeus,Balazot,tbalazothw@nytimes.com,Male,111.37.11.215
646,Mignon,Janecek,mjanecekhx@webs.com,Female,61.201.88.143
647,Isidore,Main,imainhy@seattletimes.com,Male,161.122.45.229
648,Tom,Laws,tlawshz@quantcast.com,Male,34.156.110.133
649,Beauregard,Hilary,bhilaryi0@go.com,Male,133.223.103.191
650,Waldemar,Berney,wberneyi1@networksolutions.com,Male,41.139.140.203
651,Hendrik,Krzyzanowski,hkrzyzanowskii2@rambler.ru,Male,209.110.141.195
652,Pascal,Scoullar,pscoullari3@telegraph.co.uk,Male,40.11.181.209
653,Glynn,Steventon,gsteventoni4@yale.edu,Male,81.3.30.224
654,Rosalinde,Twigge,rtwiggei5@youtu.be,Female,9.56.196.188
655,Gerianna,Odcroft,godcrofti6@ed.gov,Female,20.195.203.2
656,Sharona,Staterfield,sstaterfieldi7@ucoz.ru,Female,164.139.176.10
657,Anjela,Matthews,amatthewsi8@omniture.com,Female,179.44.6.93
658,Bram,Cud,bcudi9@ebay.co.uk,Male,118.240.224.18
659,Cathee,Peddie,cpeddieia@histats.com,Female,83.109.170.250
660,Irina,Waitland,iwaitlandib@mozilla.com,Female,122.234.114.173
661,Almeda,Euplate,aeuplateic@chicagotribune.com,Female,194.84.136.218
662,Sonya,Kennion,skennionid@etsy.com,Female,253.168.34.180
663,Tripp,Kees,tkeesie@twitpic.com,Male,87.86.42.36
664,Stuart,Constanza,sconstanzaif@123-reg.co.uk,Male,229.242.157.231
665,Jakie,Accomb,jaccombig@paginegialle.it,Male,60.237.174.82
666,Odie,Belfelt,obelfeltih@uiuc.edu,Male,231.100.118.52
667,Tiphanie,Jiggle,tjiggleii@utexas.edu,Female,13.78.84.180
668,Sallie,MacNelly,smacnellyij@smugmug.com,Female,204.123.61.207
669,Lowell,Inger,lingerik@squidoo.com,Male,152.30.40.132
670,Chip,Gehringer,cgehringeril@purevolume.com,Male,54.95.41.180
671,Allin,Sydall,asydallim@bizjournals.com,Male,117.230.169.43
672,Lannie,Gerauld,lgerauldin@artisteer.com,Male,99.90.64.52
673,Hy,Sproston,hsprostonio@google.fr,Male,59.59.11.107
674,Cyndie,Wisham,cwishamip@mlb.com,Female,254.117.33.97
675,Ezechiel,Chesnay,echesnayiq@linkedin.com,Male,100.128.37.253
676,Zuzana,Rosenfeld,zrosenfeldir@icio.us,Female,174.33.146.59
677,Kirstin,Rawles,krawlesis@flavors.me,Female,229.195.98.179
678,Jeffie,Leverett,jleverettit@columbia.edu,Non-binary,14.120.229.168
679,Deck,Ellingham,dellinghamiu@shinystat.com,Male,18.117.177.163
680,Elayne,Woollett,ewoollettiv@topsy.com,Female,255.156.247.173
681,Giuditta,Tunnow,gtunnowiw@bravesites.com,Female,86.103.173.185
682,Alexandr,Rowledge,arowledgeix@cargocollective.com,Male,254.192.74.176
683,Keelby,Cockshut,kcockshutiy@utexas.edu,Male,111.66.192.65
684,Allie,Narramor,anarramoriz@geocities.jp,Male,140.149.33.196
685,Alain,Witherow,awitherowj0@patch.com,Male,46.240.86.19
686,Martie,Umpleby,mumplebyj1@digg.com,Male,8.40.157.124
687,Tammara,Gostick,tgostickj2@vkontakte.ru,Female,246.161.195.131
688,Skylar,Gimlet,sgimletj3@xinhuanet.com,Male,190.38.149.133
689,Briggs,Regglar,bregglarj4@indiatimes.com,Male,236.215.137.34
690,Bax,Wescott,bwescottj5@hatena.ne.jp,Male,166.66.83.118
691,Hall,Danby,hdanbyj6@un.org,Male,54.235.163.69
692,Livvy,Grandison,lgrandisonj7@chicagotribune.com,Female,126.16.80.70
693,Bradford,Burdikin,bburdikinj8@gmpg.org,Male,135.46.56.181
694,Loise,Delve,ldelvej9@latimes.com,Female,28.16.75.245
695,Toby,Brawson,tbrawsonja@smugmug.com,Female,158.5.54.252
696,Gabriela,Nodes,gnodesjb@unc.edu,Female,252.40.96.101
697,Raimundo,Fludder,rfludderjc@rediff.com,Male,29.10.36.74
698,Kailey,Danielkiewicz,kdanielkiewiczjd@arstechnica.com,Female,78.57.32.125
699,Adella,Toth,atothje@mlb.com,Agender,173.228.116.1
700,Salomon,Kibbye,skibbyejf@thetimes.co.uk,Male,176.9.235.124
701,Spike,Pococke,spocockejg@unicef.org,Male,218.143.14.231
702,Gabrielle,Elder,gelderjh@icq.com,Female,95.87.97.9
703,Lorrayne,McVeighty,lmcveightyji@seattletimes.com,Female,148.38.141.139
704,Tedmund,Cartmael,tcartmaeljj@google.co.jp,Male,216.51.219.39
705,Christophorus,Amy,camyjk@latimes.com,Male,196.143.23.181
706,Carine,Sproul,csprouljl@adobe.com,Female,203.235.108.139
707,Kenny,Brownfield,kbrownfieldjm@nytimes.com,Male,124.76.10.16
708,Rey,Billanie,rbillaniejn@skyrock.com,Male,24.197.176.190
709,Bruce,Penchen,bpenchenjo@creativecommons.org,Male,10.159.13.75
710,Gennifer,Crevagh,gcrevaghjp@gizmodo.com,Female,186.120.69.87
711,Kerwin,Corking,kcorkingjq@examiner.com,Male,180.65.1.146
712,Monti,McCloud,mmccloudjr@eepurl.com,Male,197.18.151.98
713,Dinah,Harme,dharmejs@cafepress.com,Female,126.179.124.106
714,Lorilee,MacDunlevy,lmacdunlevyjt@vinaora.com,Female,126.35.43.165
715,Lucila,Kield,lkieldju@blogs.com,Female,76.224.58.223
716,Wilfred,MacLaughlin,wmaclaughlinjv@over-blog.com,Male,13.160.93.157
717,Tull,Kardos,tkardosjw@odnoklassniki.ru,Male,105.43.254.235
718,Brunhilda,Mallison,bmallisonjx@chicagotribune.com,Female,29.178.45.32
719,Batholomew,Attenburrow,battenburrowjy@spiegel.de,Male,89.76.231.200
720,Ashby,Chapelhow,achapelhowjz@cdbaby.com,Male,175.169.24.156
721,Bartholemy,Killner,bkillnerk0@ameblo.jp,Male,107.150.146.76
722,Adrianne,Potkin,apotkink1@whitehouse.gov,Female,3.48.172.198
723,Gregoor,De Bernardi,gdebernardik2@webmd.com,Male,63.10.243.29
724,Rosella,Pestridge,rpestridgek3@sun.com,Female,212.3.181.116
725,Webster,Rainer,wrainerk4@dedecms.com,Male,187.122.224.90
726,Xenia,Grew,xgrewk5@slate.com,Female,76.17.128.236
727,Ingaberg,Crosland,icroslandk6@gizmodo.com,Female,177.255.223.139
728,Cora,Mewburn,cmewburnk7@dedecms.com,Female,249.212.204.179
729,Marjie,Livings,mlivingsk8@desdev.cn,Female,134.53.46.39
730,Towny,Dullingham,tdullinghamk9@free.fr,Male,111.34.89.7
731,Clemmie,Gouge,cgougeka@narod.ru,Female,61.235.179.105
732,Chelsae,Tytcomb,ctytcombkb@github.com,Female,199.80.153.217
733,Holly,Geerdts,hgeerdtskc@google.fr,Female,189.208.48.58
734,Clem,Harfleet,charfleetkd@wp.com,Female,218.12.73.19
735,Fredrick,Brands,fbrandske@kickstarter.com,Male,217.185.140.200
736,Fionnula,Rabbitt,frabbittkf@vk.com,Non-binary,14.60.240.31
737,Stafani,Dunbleton,sdunbletonkg@vistaprint.com,Female,138.66.59.114
738,Bourke,Tapply,btapplykh@dot.gov,Male,21.116.158.133
739,Otto,Dytham,odythamki@issuu.com,Male,74.180.245.1
740,Asia,Livick,alivickkj@nationalgeographic.com,Female,52.123.180.67
741,Dennet,Gleder,dglederkk@pagesperso-orange.fr,Male,236.216.168.89
742,Keven,Wiggett,kwiggettkl@google.com.hk,Male,65.0.244.53
743,Gilberte,Zaple,gzaplekm@merriam-webster.com,Female,138.110.138.39
744,Wren,Shipston,wshipstonkn@sina.com.cn,Female,181.168.49.35
745,Silva,Jerzycowski,sjerzycowskiko@devhub.com,Female,91.213.51.231
746,Nickolas,Potbury,npotburykp@mtv.com,Male,219.68.174.235
747,Selig,Barkworth,sbarkworthkq@webs.com,Male,20.129.24.6
748,Yetta,Brunon,ybrunonkr@slate.com,Female,83.246.108.144
749,Dosi,Pullen,dpullenks@howstuffworks.com,Female,154.2.121.198
750,Garvy,Valek,gvalekkt@cam.ac.uk,Male,192.67.59.45
751,Willie,Pedron,wpedronku@bluehost.com,Bigender,110.30.150.55
752,Fabe,Showte,fshowtekv@tinypic.com,Male,199.42.166.89
753,Tobiah,Jewson,tjewsonkw@gravatar.com,Male,27.181.166.21
754,Halley,Yushankin,hyushankinkx@ca.gov,Female,29.207.73.129
755,Norry,Rosario,nrosarioky@freewebs.com,Female,97.154.215.37
756,Cornie,Kamall,ckamallkz@storify.com,Male,228.8.87.88
757,Griffy,Fillgate,gfillgatel0@alexa.com,Male,103.66.222.165
758,Hanson,Skermer,hskermerl1@slashdot.org,Male,156.76.80.242
759,Lorne,Cleare,lclearel2@about.com,Male,66.1.210.10
760,Arlan,Josey,ajoseyl3@joomla.org,Male,34.34.68.236
761,Feodora,McKimm,fmckimml4@goo.gl,Female,20.184.86.16
762,Ardelia,Fattorini,afattorinil5@berkeley.edu,Female,66.216.229.55
763,Elene,Lowry,elowryl6@ezinearticles.com,Female,45.108.83.161
764,Germaine,Grayland,ggraylandl7@eepurl.com,Male,160.104.184.209
765,Cort,Coldridge,ccoldridgel8@google.co.uk,Male,207.5.192.247
766,Carri,Bassindale,cbassindalel9@t.co,Female,196.241.182.4
767,Roselin,Bellini,rbellinila@webmd.com,Female,171.212.150.81
768,Chrystal,Cavanagh,ccavanaghlb@tuttocitta.it,Female,133.21.253.78
769,Benedicta,Vanes,bvaneslc@ucsd.edu,Female,27.209.77.31
770,Moyra,Pottell,mpottellld@gov.uk,Female,32.64.171.37
771,Darcy,Rumbellow,drumbellowle@umn.edu,Female,220.218.123.166
772,Honey,Scurrah,hscurrahlf@dmoz.org,Agender,12.251.81.215
773,Charity,Kleinstub,ckleinstublg@illinois.edu,Female,35.30.165.184
774,Bernardo,Tabart,btabartlh@naver.com,Male,95.177.120.66
775,Erroll,Lesley,elesleyli@wp.com,Male,16.209.73.220
776,Annmaria,Coniam,aconiamlj@google.com.br,Female,171.126.146.47
777,Austin,Galbraith,agalbraithlk@sfgate.com,Female,12.253.144.252
778,Moises,L'Episcopi,mlepiscopill@businessweek.com,Male,191.193.23.2
779,Giulio,Valentelli,gvalentellilm@yandex.ru,Male,55.135.216.149
780,Kirbee,Danforth,kdanforthln@phpbb.com,Female,131.224.121.90
781,Keen,Ghiotto,kghiottolo@java.com,Male,106.52.141.102
782,Adiana,Geraldez,ageraldezlp@tmall.com,Female,67.159.105.192
783,Tuesday,Varvell,tvarvelllq@yandex.ru,Female,44.39.209.225
784,Ingeberg,Duberry,iduberrylr@bbb.org,Female,76.71.108.233
785,Gunter,Abele,gabelels@mayoclinic.com,Male,193.185.27.112
786,Tadeo,Custed,tcustedlt@example.com,Male,143.222.3.69
787,Chickie,Skerrett,cskerrettlu@latimes.com,Female,135.47.33.233
788,Chickie,Bothwell,cbothwelllv@github.io,Bigender,236.63.233.163
789,Ilka,Casserley,icasserleylw@ucsd.edu,Female,192.250.76.91
790,Phyllis,Jurek,pjureklx@nature.com,Female,24.18.154.146
791,Elnar,Geach,egeachly@vinaora.com,Male,244.227.5.157
792,Georgy,Hedan,ghedanlz@auda.org.au,Agender,135.123.38.21
793,Wyndham,Gouch,wgouchm0@loc.gov,Male,160.39.48.125
794,Ebeneser,Itzcak,eitzcakm1@pagesperso-orange.fr,Male,211.246.177.243
795,Rubetta,Tillot,rtillotm2@cnbc.com,Female,223.174.137.9
796,Zebulen,Chellenham,zchellenhamm3@blog.com,Male,69.78.103.39
797,Ber,Bealton,bbealtonm4@arizona.edu,Male,127.4.0.145
798,Madelena,Ewells,mewellsm5@1688.com,Female,46.57.165.162
799,Pasquale,Moulster,pmoulsterm6@spotify.com,Male,13.254.124.117
800,Dillon,Nowakowska,dnowakowskam7@phoca.cz,Non-binary,62.114.97.54
801,Ursala,Wailes,uwailesm8@example.com,Female,70.254.123.250
802,Kris,Hullot,khullotm9@posterous.com,Male,149.121.87.12
803,Shirl,Bouller,sboullerma@soundcloud.com,Non-binary,225.72.245.78
804,Elsbeth,Hoyte,ehoytemb@i2i.jp,Female,216.200.41.4
805,Moshe,Farman,mfarmanmc@geocities.com,Male,97.148.212.118
806,Meier,Illingworth,millingworthmd@google.ru,Male,13.99.167.57
807,Rafaellle,Grugerr,rgrugerrme@mozilla.com,Male,79.125.23.141
808,Stanford,Drains,sdrainsmf@comsenz.com,Agender,81.97.38.189
809,Arlen,Augie,aaugiemg@goo.gl,Male,105.81.115.132
810,Granthem,Provest,gprovestmh@usnews.com,Male,127.136.99.163
811,Robyn,Marden,rmardenmi@wikia.com,Female,86.112.197.160
812,Hugo,Lapthorn,hlapthornmj@usda.gov,Male,138.240.153.69
813,Mufinella,Jobbins,mjobbinsmk@latimes.com,Female,44.99.101.57
814,Hardy,Jervois,hjervoisml@deviantart.com,Male,103.141.201.17
815,Ringo,Kurtis,rkurtismm@stumbleupon.com,Male,31.58.7.161
816,Shaylah,Arboin,sarboinmn@photobucket.com,Genderqueer,212.69.149.111
817,Pippy,Milne,pmilnemo@princeton.edu,Female,187.231.70.177
818,Vania,Alcott,valcottmp@indiegogo.com,Female,240.234.220.172
819,Sibeal,Dougary,sdougarymq@mozilla.org,Female,189.56.134.84
820,Tonya,Kunert,tkunertmr@eventbrite.com,Female,3.115.189.255
821,Titus,Ridolfi,tridolfims@rambler.ru,Male,245.209.6.136
822,Hilario,Kernes,hkernesmt@adobe.com,Male,232.140.181.91
823,Clark,Payley,cpayleymu@elegantthemes.com,Male,140.113.52.148
824,Elene,Whittenbury,ewhittenburymv@parallels.com,Female,78.42.205.83
825,Benedetta,Pettus,bpettusmw@smh.com.au,Female,208.179.233.145
826,Willette,Pollington,wpollingtonmx@yandex.ru,Female,183.174.232.234
827,Dusty,Alelsandrovich,dalelsandrovichmy@toplist.cz,Female,18.230.81.198
828,Pail,Croasdale,pcroasdalemz@gravatar.com,Male,181.62.168.44
829,Reggis,Dinis,rdinisn0@weibo.com,Male,168.208.35.110
830,Jerrome,Sleightholme,jsleightholmen1@weibo.com,Male,20.223.228.127
831,Jessee,Graeser,jgraesern2@sciencedaily.com,Male,70.66.228.197
832,Gaile,Krale,gkralen3@rambler.ru,Male,196.58.47.82
833,Frasier,MacConnechie,fmacconnechien4@jimdo.com,Male,206.113.22.48
834,Salim,Charrisson,scharrissonn5@nps.gov,Male,61.208.210.64
835,Ray,McMurrugh,rmcmurrughn6@ihg.com,Female,239.164.218.16
836,Kelly,Wethers,kwethersn7@spotify.com,Male,115.108.71.103
837,Gian,Senechell,gsenechelln8@woothemes.com,Male,53.2.165.3
838,Foster,Philimore,fphilimoren9@ox.ac.uk,Polygender,233.91.112.139
839,Tory,Gibbetts,tgibbettsna@cbslocal.com,Female,131.207.7.147
840,Luciana,Boscher,lboschernb@reuters.com,Female,198.44.163.142
841,Gerda,Woodcroft,gwoodcroftnc@earthlink.net,Female,202.254.2.70
842,Petrina,Backen,pbackennd@t-online.de,Female,146.253.122.97
843,Bordy,Kase,bkasene@privacy.gov.au,Genderqueer,79.12.87.123
844,Avrit,Saffon,asaffonnf@wikia.com,Bigender,247.251.3.144
845,Kipper,Andryushin,kandryushinng@plala.or.jp,Male,75.105.98.185
846,Corrianne,Dyneley,cdyneleynh@mlb.com,Female,83.223.81.129
847,Giacopo,Duffett,gduffettni@sakura.ne.jp,Male,216.59.233.246
848,Rhodia,Rookwell,rrookwellnj@oracle.com,Genderqueer,37.1.88.85
849,Frazier,Biscomb,fbiscombnk@linkedin.com,Male,36.188.10.65
850,Leonard,Shenfisch,lshenfischnl@list-manage.com,Male,81.132.139.190
851,Chandal,Sill,csillnm@google.cn,Female,119.79.15.231
852,Kendra,Calway,kcalwaynn@mediafire.com,Female,122.176.153.54
853,Sylvia,Townshend,stownshendno@china.com.cn,Female,27.154.7.103
854,Eugenio,Jamison,ejamisonnp@godaddy.com,Male,114.193.77.134
855,Liam,Ferries,lferriesnq@oaic.gov.au,Male,232.15.222.202
856,Aguste,Linzey,alinzeynr@fda.gov,Male,47.170.74.230
857,Gianina,Denecamp,gdenecampns@typepad.com,Female,211.202.11.50
858,Hyacinthia,Gymblett,hgymblettnt@virginia.edu,Female,150.214.129.45
859,Abram,Pettingill,apettingillnu@statcounter.com,Male,190.210.216.29
860,Boothe,Lambell,blambellnv@virginia.edu,Male,32.25.192.198
861,Geraldine,Casford,gcasfordnw@java.com,Female,112.116.249.48
862,Carine,Zukerman,czukermannx@baidu.com,Female,18.88.124.143
863,Anthea,Sibbson,asibbsonny@jigsy.com,Female,104.29.158.169
864,Ian,Pennicard,ipennicardnz@1688.com,Male,74.225.148.95
865,Leanor,Auguste,laugusteo0@facebook.com,Female,53.118.40.71
866,Debra,Ianiello,dianielloo1@shop-pro.jp,Female,1.123.199.190
867,Tiffany,Foard,tfoardo2@about.me,Female,88.112.156.235
868,Reg,Boreham,rborehamo3@gnu.org,Male,146.255.109.66
869,Delphine,Addekin,daddekino4@toplist.cz,Female,97.159.250.150
870,Thorny,Joney,tjoneyo5@kickstarter.com,Male,102.151.102.16
871,Burch,Gaffon,bgaffono6@trellian.com,Male,63.58.204.160
872,Whitney,Butterick,wbuttericko7@bloglines.com,Genderqueer,23.4.255.132
873,Oswald,Ledstone,oledstoneo8@123-reg.co.uk,Male,193.132.172.216
874,Langston,Alven,lalveno9@noaa.gov,Male,37.142.70.195
875,Bancroft,Gawke,bgawkeoa@virginia.edu,Male,200.227.119.156
876,Harlen,Calvard,hcalvardob@naver.com,Male,150.252.75.160
877,Amalea,Verlinden,averlindenoc@ow.ly,Female,66.183.217.83
878,Sybil,Gabbetis,sgabbetisod@google.ru,Agender,253.214.203.197
879,Terry,Ipsly,tipslyoe@amazon.com,Female,196.210.68.207
880,Jenn,Dearnaley,jdearnaleyof@comsenz.com,Female,146.101.87.67
881,Gayleen,Baythorp,gbaythorpog@telegraph.co.uk,Female,126.117.144.79
882,Hakim,Gaffon,hgaffonoh@shop-pro.jp,Male,196.31.26.233
883,Sergent,Bernakiewicz,sbernakiewiczoi@prlog.org,Male,215.106.210.184
884,Meriel,Hancill,mhancilloj@uol.com.br,Female,247.246.153.78
885,Ivonne,Skitch,iskitchok@virginia.edu,Female,155.191.67.28
886,Enrica,Hearst,ehearstol@google.de,Female,186.183.184.161
887,Dniren,Fiddiman,dfiddimanom@goo.gl,Female,171.174.11.181
888,Eleanora,Linn,elinnon@google.de,Female,238.217.144.156
889,Mercedes,Dockreay,mdockreayoo@symantec.com,Female,115.189.7.201
890,Byrom,Tritton,btrittonop@alibaba.com,Male,202.55.6.184
891,Durant,Klemt,dklemtoq@google.com,Male,232.166.54.59
892,Giraldo,Forgan,gforganor@lycos.com,Male,211.54.179.125
893,Charleen,Kivlin,ckivlinos@fc2.com,Female,27.109.246.23
894,Kerry,Columbell,kcolumbellot@exblog.jp,Male,84.144.246.3
895,Natasha,Duckerin,nduckerinou@geocities.jp,Female,75.142.150.179
896,Salome,Norcop,snorcopov@slashdot.org,Female,73.238.251.125
897,Dawna,Waye,dwayeow@discovery.com,Female,1.67.26.146
898,Ingrim,Klimentov,iklimentovox@baidu.com,Male,222.129.183.145
899,Jae,Casarili,jcasarilioy@globo.com,Male,254.194.200.240
900,Rufe,Dysart,rdysartoz@indiegogo.com,Polygender,188.71.177.33
901,Netti,Siely,nsielyp0@google.co.uk,Female,69.204.235.247
902,Bev,Defraine,bdefrainep1@salon.com,Male,82.20.146.191
903,Rex,Chave,rchavep2@huffingtonpost.com,Male,205.96.41.133
904,Daniella,Rielly,driellyp3@nifty.com,Female,125.67.28.106
905,Jacquelin,Capener,jcapenerp4@google.it,Female,147.234.26.28
906,Winn,Bridgwood,wbridgwoodp5@mapy.cz,Male,70.37.224.56
907,Eduard,Babar,ebabarp6@wikispaces.com,Male,211.189.243.43
908,Jerry,Hagan,jhaganp7@deliciousdays.com,Male,230.138.22.45
909,Gerri,Rothschild,grothschildp8@acquirethisname.com,Genderqueer,49.50.106.187
910,Mohandis,Sherrard,msherrardp9@vinaora.com,Male,24.70.221.228
911,Ludwig,Kay,lkaypa@chronoengine.com,Polygender,243.60.240.247
912,Olenka,Spens,ospenspb@exblog.jp,Female,104.44.109.236
913,Hollis,Venney,hvenneypc@ameblo.jp,Male,154.129.9.16
914,Eleanora,Skerritt,eskerrittpd@disqus.com,Female,232.107.31.39
915,Fleur,Attrie,fattriepe@nytimes.com,Female,171.243.123.234
916,Marve,Klemencic,mklemencicpf@apple.com,Male,145.67.1.89
917,Abner,Smart,asmartpg@usnews.com,Male,248.206.6.94
918,Edie,Cumes,ecumesph@bizjournals.com,Female,54.210.54.153
919,Arch,Walshe,awalshepi@spotify.com,Male,223.167.152.241
920,Keith,Pashan,kpashanpj@arizona.edu,Male,211.121.90.184
921,Dex,Courtney,dcourtneypk@google.com.hk,Male,255.146.79.72
922,Jada,Hammatt,jhammattpl@oaic.gov.au,Female,51.70.9.43
923,Dana,Hawlgarth,dhawlgarthpm@timesonline.co.uk,Male,96.189.70.3
924,Ronnie,Schindler,rschindlerpn@berkeley.edu,Male,30.105.175.254
925,Cordi,Wheildon,cwheildonpo@prnewswire.com,Female,61.230.46.194
926,Dolley,McChesney,dmcchesneypp@discuz.net,Female,144.224.58.82
927,Sanson,Shoebottom,sshoebottompq@slideshare.net,Male,180.208.71.164
928,Wolfie,Pitbladdo,wpitbladdopr@people.com.cn,Male,21.96.163.48
929,Katerina,Scambler,kscamblerps@ezinearticles.com,Female,48.32.219.179
930,Brigham,Ghio,bghiopt@hugedomains.com,Male,96.247.2.162
931,Gwen,Goldspink,ggoldspinkpu@rambler.ru,Female,5.87.104.45
932,Carlita,Heers,cheerspv@merriam-webster.com,Female,76.39.24.205
933,Rayna,Brunstan,rbrunstanpw@sfgate.com,Female,34.109.80.250
934,Vonni,Maddocks,vmaddockspx@vinaora.com,Female,205.127.76.244
935,Agnese,Frugier,afrugierpy@wikispaces.com,Female,78.74.210.50
936,Hoebart,Farrin,hfarrinpz@barnesandnoble.com,Male,206.37.96.242
937,Lethia,Breadmore,lbreadmoreq0@a8.net,Female,34.222.195.66
938,Karita,Wathey,kwatheyq1@fema.gov,Female,70.209.230.205
939,Atlante,Coleiro,acoleiroq2@goo.ne.jp,Female,155.203.141.171
940,Mora,Pfeuffer,mpfeufferq3@google.ru,Female,243.47.189.170
941,Carline,Colly,ccollyq4@github.com,Female,218.35.230.184
942,Octavius,Rowlett,orowlettq5@privacy.gov.au,Male,251.213.92.206
943,Alanna,Angliss,aanglissq6@symantec.com,Female,94.112.180.68
944,Verina,Dowrey,vdowreyq7@deviantart.com,Female,226.14.214.7
945,Romonda,McPhee,rmcpheeq8@yale.edu,Female,179.11.106.211
946,Jammie,Penberthy,jpenberthyq9@elegantthemes.com,Female,249.213.83.65
947,Sutherland,Caen,scaenqa@ca.gov,Male,112.69.105.168
948,Robinson,Simla,rsimlaqb@furl.net,Male,204.195.254.6
949,Darbee,Dolohunty,ddolohuntyqc@topsy.com,Male,93.198.148.254
950,Deedee,Withers,dwithersqd@time.com,Female,104.221.84.115
951,Baldwin,Saich,bsaichqe@mayoclinic.com,Bigender,127.19.111.226
952,Blisse,Northfield,bnorthfieldqf@google.pl,Female,170.216.72.154
953,Iorgos,Orrill,iorrillqg@webmd.com,Male,225.168.169.104
954,Lind,Mottershaw,lmottershawqh@noaa.gov,Male,19.49.218.0
955,Port,Fermoy,pfermoyqi@bing.com,Male,4.197.148.61
956,Bryant,Streets,bstreetsqj@theglobeandmail.com,Polygender,216.197.227.236
957,Candice,Wardesworth,cwardesworthqk@e-recht24.de,Female,176.187.116.180
958,Teri,Lampens,tlampensql@tiny.cc,Female,102.227.255.16
959,Blondie,Hardwin,bhardwinqm@buzzfeed.com,Female,151.162.187.54
960,Barry,Cufley,bcufleyqn@tuttocitta.it,Male,98.206.197.225
961,Adelice,Stonham,astonhamqo@addtoany.com,Female,30.118.224.48
962,Janenna,O'Nolan,jonolanqp@pinterest.com,Agender,148.150.10.221
963,Sukey,Sandcraft,ssandcraftqq@ca.gov,Genderfluid,173.228.116.238
964,Ethelyn,Baszkiewicz,ebaszkiewiczqr@xing.com,Female,163.221.187.30
965,Ivette,Breffit,ibreffitqs@linkedin.com,Female,1.174.148.251
966,Emery,Hartop,ehartopqt@chronoengine.com,Male,55.89.34.73
967,Cori,Krol,ckrolqu@vistaprint.com,Male,84.13.156.131
968,James,Glenfield,jglenfieldqv@mozilla.org,Male,248.252.159.184
969,Silvio,Broxap,sbroxapqw@cloudflare.com,Male,6.27.58.216
970,Rania,Giannasi,rgiannasiqx@eventbrite.com,Female,86.62.238.203
971,Corbie,Duncan,cduncanqy@mashable.com,Male,212.21.176.240
972,Spense,Thowless,sthowlessqz@a8.net,Male,112.166.85.77
973,Fidelity,Aveson,favesonr0@issuu.com,Female,143.119.130.234
974,Melita,Gwyn,mgwynr1@cbc.ca,Female,14.65.98.58
975,Bradley,Woodyeare,bwoodyearer2@digg.com,Male,99.97.205.149
976,Tate,Codd,tcoddr3@google.cn,Female,227.79.123.23
977,Dougy,Lashmar,dlashmarr4@youku.com,Male,184.94.212.189
978,Adrien,Kear,akearr5@reference.com,Male,163.111.181.161
979,Bernete,Jacquemard,bjacquemardr6@google.es,Female,92.216.64.193
980,Jo,Leney,jleneyr7@eepurl.com,Female,27.93.59.232
981,Elisabetta,Ebhardt,eebhardtr8@newyorker.com,Female,47.75.248.249
982,Gino,Freegard,gfreegardr9@flickr.com,Non-binary,207.136.89.117
983,Hazel,Cattonnet,hcattonnetra@histats.com,Female,17.95.14.116
984,Agustin,Lofthouse,alofthouserb@amazon.de,Male,185.220.147.35
985,Barty,Gaiter,bgaiterrc@feedburner.com,Genderqueer,9.49.241.93
986,Kaleb,Torrisi,ktorrisird@i2i.jp,Male,2.17.56.234
987,Charo,Caherny,ccahernyre@businesswire.com,Genderqueer,130.238.104.243
988,Carroll,Lyndon,clyndonrf@arizona.edu,Female,254.98.95.8
989,Sharleen,Scoyles,sscoylesrg@youtu.be,Female,152.174.100.79
990,Ivory,Leadston,ileadstonrh@delicious.com,Female,142.8.116.3
991,Lanae,Iskower,liskowerri@addtoany.com,Female,90.124.190.53
992,Garfield,Biaggiotti,gbiaggiottirj@desdev.cn,Male,173.105.233.22
993,Katie,Reddlesden,kreddlesdenrk@youtu.be,Female,188.214.48.76
994,Hi,Doherty,hdohertyrl@soundcloud.com,Male,204.225.92.99
995,Yolane,Cowthart,ycowthartrm@dyndns.org,Female,61.130.152.75
996,Baily,Deluce,bdelucern@berkeley.edu,Male,49.75.114.107
997,Wilone,Yarnell,wyarnellro@flickr.com,Female,183.191.63.3
998,Ashlan,Vela,avelarp@naver.com,Female,108.60.126.203
999,Pearla,Sheara,psheararq@uiuc.edu,Female,229.232.177.91
1000,Donnamarie,Chittock,dchittockrr@google.cn,Female,201.180.196.186
